speaker_index,utterance_index,speaker_id,utterance_id,duration,method,source_wav,local_audio
1,1,UCqhOC3lFQV17UcTdHVhUwow,UCqhOC3lFQV17UcTdHVhUwow-2ubJ_lOlAw4-seg000008,4.000000,Auth,/gs/bs/tgh-25IAB/zhe/voxtube/voxtube_originals/UCqhOC3lFQV17UcTdHVhUwow/2ubJ_lOlAw4/segment_8.mp3,audio/01_UCqhOC3lFQV17UcTdHVhUwow/01_UCqhOC3lFQV17UcTdHVhUwow-2ubJ_lOlAw4-seg000008/auth.mp3
1,1,UCqhOC3lFQV17UcTdHVhUwow,UCqhOC3lFQV17UcTdHVhUwow-2ubJ_lOlAw4-seg000008,4.000000,OHNN-HiFiGAN,/gs/bs/tgh-25IAB/zhe/synvox2_prime/post_noise/sxw_model/output_voxtube_synvox2/UCqhOC3lFQV17UcTdHVhUwow/2ubJ_lOlAw4/segment_8_eh.wav,audio/01_UCqhOC3lFQV17UcTdHVhUwow/01_UCqhOC3lFQV17UcTdHVhUwow-2ubJ_lOlAw4-seg000008/ohnn_hifigan.wav
1,1,UCqhOC3lFQV17UcTdHVhUwow,UCqhOC3lFQV17UcTdHVhUwow-2ubJ_lOlAw4-seg000008,4.000000,OHNN-BigVGAN-SC,/gs/bs/tgh-25IAB/zhe/synvox2_prime/post_noise/sxw_model/output_voxtube_bigvgan/UCqhOC3lFQV17UcTdHVhUwow/2ubJ_lOlAw4/segment_8_eh.wav,audio/01_UCqhOC3lFQV17UcTdHVhUwow/01_UCqhOC3lFQV17UcTdHVhUwow-2ubJ_lOlAw4-seg000008/ohnn_bigvgan_sc.wav
1,1,UCqhOC3lFQV17UcTdHVhUwow,UCqhOC3lFQV17UcTdHVhUwow-2ubJ_lOlAw4-seg000008,4.000000,SALT-k4,/gs/bs/tgh-25IAB/zhe/synvox2_prime/post_noise/sxw_model/output_voxtube_salt/base_topk4_eh_mix/UCqhOC3lFQV17UcTdHVhUwow/2ubJ_lOlAw4/segment_8_eh.wav,audio/01_UCqhOC3lFQV17UcTdHVhUwow/01_UCqhOC3lFQV17UcTdHVhUwow-2ubJ_lOlAw4-seg000008/salt_k4.wav
1,1,UCqhOC3lFQV17UcTdHVhUwow,UCqhOC3lFQV17UcTdHVhUwow-2ubJ_lOlAw4-seg000008,4.000000,SALT-k8,/gs/bs/tgh-25IAB/zhe/synvox2_prime/post_noise/sxw_model/output_voxtube_salt/base_topk8_eh_mix/UCqhOC3lFQV17UcTdHVhUwow/2ubJ_lOlAw4/segment_8_eh.wav,audio/01_UCqhOC3lFQV17UcTdHVhUwow/01_UCqhOC3lFQV17UcTdHVhUwow-2ubJ_lOlAw4-seg000008/salt_k8.wav
1,1,UCqhOC3lFQV17UcTdHVhUwow,UCqhOC3lFQV17UcTdHVhUwow-2ubJ_lOlAw4-seg000008,4.000000,DAIEN-NCFG(-1.0),/gs/bs/tgh-26IAT/zhe/anon-tts/results/VoxTube/seed0/4304/2ubJ_lOlAw4_00008.wav,audio/01_UCqhOC3lFQV17UcTdHVhUwow/01_UCqhOC3lFQV17UcTdHVhUwow-2ubJ_lOlAw4-seg000008/daien_ncfg_m1p0.wav
1,1,UCqhOC3lFQV17UcTdHVhUwow,UCqhOC3lFQV17UcTdHVhUwow-2ubJ_lOlAw4-seg000008,4.000000,DAIEN-NCFG(-0.75),/gs/bs/tgh-26IAT/zhe/anon-tts/results/VoxTube/english_mp3_acfg_minus0.75/4304/2ubJ_lOlAw4_00008.wav,audio/01_UCqhOC3lFQV17UcTdHVhUwow/01_UCqhOC3lFQV17UcTdHVhUwow-2ubJ_lOlAw4-seg000008/daien_ncfg_m0p75.wav
1,1,UCqhOC3lFQV17UcTdHVhUwow,UCqhOC3lFQV17UcTdHVhUwow-2ubJ_lOlAw4-seg000008,4.000000,DAIEN-NCFG(-0.5),/gs/bs/tgh-26IAT/zhe/anon-tts/results/VoxTube/english_mp3_acfg_minus0.5/4304/2ubJ_lOlAw4_00008.wav,audio/01_UCqhOC3lFQV17UcTdHVhUwow/01_UCqhOC3lFQV17UcTdHVhUwow-2ubJ_lOlAw4-seg000008/daien_ncfg_m0p5.wav
1,2,UCqhOC3lFQV17UcTdHVhUwow,UCqhOC3lFQV17UcTdHVhUwow-67aofxDjdOU-seg000001,4.000000,Auth,/gs/bs/tgh-25IAB/zhe/voxtube/voxtube_originals/UCqhOC3lFQV17UcTdHVhUwow/67aofxDjdOU/segment_1.mp3,audio/01_UCqhOC3lFQV17UcTdHVhUwow/02_UCqhOC3lFQV17UcTdHVhUwow-67aofxDjdOU-seg000001/auth.mp3
1,2,UCqhOC3lFQV17UcTdHVhUwow,UCqhOC3lFQV17UcTdHVhUwow-67aofxDjdOU-seg000001,4.000000,OHNN-HiFiGAN,/gs/bs/tgh-25IAB/zhe/synvox2_prime/post_noise/sxw_model/output_voxtube_synvox2/UCqhOC3lFQV17UcTdHVhUwow/67aofxDjdOU/segment_1_eh.wav,audio/01_UCqhOC3lFQV17UcTdHVhUwow/02_UCqhOC3lFQV17UcTdHVhUwow-67aofxDjdOU-seg000001/ohnn_hifigan.wav
1,2,UCqhOC3lFQV17UcTdHVhUwow,UCqhOC3lFQV17UcTdHVhUwow-67aofxDjdOU-seg000001,4.000000,OHNN-BigVGAN-SC,/gs/bs/tgh-25IAB/zhe/synvox2_prime/post_noise/sxw_model/output_voxtube_bigvgan/UCqhOC3lFQV17UcTdHVhUwow/67aofxDjdOU/segment_1_eh.wav,audio/01_UCqhOC3lFQV17UcTdHVhUwow/02_UCqhOC3lFQV17UcTdHVhUwow-67aofxDjdOU-seg000001/ohnn_bigvgan_sc.wav
1,2,UCqhOC3lFQV17UcTdHVhUwow,UCqhOC3lFQV17UcTdHVhUwow-67aofxDjdOU-seg000001,4.000000,SALT-k4,/gs/bs/tgh-25IAB/zhe/synvox2_prime/post_noise/sxw_model/output_voxtube_salt/base_topk4_eh_mix/UCqhOC3lFQV17UcTdHVhUwow/67aofxDjdOU/segment_1_eh.wav,audio/01_UCqhOC3lFQV17UcTdHVhUwow/02_UCqhOC3lFQV17UcTdHVhUwow-67aofxDjdOU-seg000001/salt_k4.wav
1,2,UCqhOC3lFQV17UcTdHVhUwow,UCqhOC3lFQV17UcTdHVhUwow-67aofxDjdOU-seg000001,4.000000,SALT-k8,/gs/bs/tgh-25IAB/zhe/synvox2_prime/post_noise/sxw_model/output_voxtube_salt/base_topk8_eh_mix/UCqhOC3lFQV17UcTdHVhUwow/67aofxDjdOU/segment_1_eh.wav,audio/01_UCqhOC3lFQV17UcTdHVhUwow/02_UCqhOC3lFQV17UcTdHVhUwow-67aofxDjdOU-seg000001/salt_k8.wav
1,2,UCqhOC3lFQV17UcTdHVhUwow,UCqhOC3lFQV17UcTdHVhUwow-67aofxDjdOU-seg000001,4.000000,DAIEN-NCFG(-1.0),/gs/bs/tgh-26IAT/zhe/anon-tts/results/VoxTube/seed0/4304/67aofxDjdOU_00001.wav,audio/01_UCqhOC3lFQV17UcTdHVhUwow/02_UCqhOC3lFQV17UcTdHVhUwow-67aofxDjdOU-seg000001/daien_ncfg_m1p0.wav
1,2,UCqhOC3lFQV17UcTdHVhUwow,UCqhOC3lFQV17UcTdHVhUwow-67aofxDjdOU-seg000001,4.000000,DAIEN-NCFG(-0.75),/gs/bs/tgh-26IAT/zhe/anon-tts/results/VoxTube/english_mp3_acfg_minus0.75/4304/67aofxDjdOU_00001.wav,audio/01_UCqhOC3lFQV17UcTdHVhUwow/02_UCqhOC3lFQV17UcTdHVhUwow-67aofxDjdOU-seg000001/daien_ncfg_m0p75.wav
1,2,UCqhOC3lFQV17UcTdHVhUwow,UCqhOC3lFQV17UcTdHVhUwow-67aofxDjdOU-seg000001,4.000000,DAIEN-NCFG(-0.5),/gs/bs/tgh-26IAT/zhe/anon-tts/results/VoxTube/english_mp3_acfg_minus0.5/4304/67aofxDjdOU_00001.wav,audio/01_UCqhOC3lFQV17UcTdHVhUwow/02_UCqhOC3lFQV17UcTdHVhUwow-67aofxDjdOU-seg000001/daien_ncfg_m0p5.wav
1,3,UCqhOC3lFQV17UcTdHVhUwow,UCqhOC3lFQV17UcTdHVhUwow-BOhAzbSCS2E-seg000008,4.000000,Auth,/gs/bs/tgh-25IAB/zhe/voxtube/voxtube_originals/UCqhOC3lFQV17UcTdHVhUwow/BOhAzbSCS2E/segment_8.mp3,audio/01_UCqhOC3lFQV17UcTdHVhUwow/03_UCqhOC3lFQV17UcTdHVhUwow-BOhAzbSCS2E-seg000008/auth.mp3
1,3,UCqhOC3lFQV17UcTdHVhUwow,UCqhOC3lFQV17UcTdHVhUwow-BOhAzbSCS2E-seg000008,4.000000,OHNN-HiFiGAN,/gs/bs/tgh-25IAB/zhe/synvox2_prime/post_noise/sxw_model/output_voxtube_synvox2/UCqhOC3lFQV17UcTdHVhUwow/BOhAzbSCS2E/segment_8_eh.wav,audio/01_UCqhOC3lFQV17UcTdHVhUwow/03_UCqhOC3lFQV17UcTdHVhUwow-BOhAzbSCS2E-seg000008/ohnn_hifigan.wav
1,3,UCqhOC3lFQV17UcTdHVhUwow,UCqhOC3lFQV17UcTdHVhUwow-BOhAzbSCS2E-seg000008,4.000000,OHNN-BigVGAN-SC,/gs/bs/tgh-25IAB/zhe/synvox2_prime/post_noise/sxw_model/output_voxtube_bigvgan/UCqhOC3lFQV17UcTdHVhUwow/BOhAzbSCS2E/segment_8_eh.wav,audio/01_UCqhOC3lFQV17UcTdHVhUwow/03_UCqhOC3lFQV17UcTdHVhUwow-BOhAzbSCS2E-seg000008/ohnn_bigvgan_sc.wav
1,3,UCqhOC3lFQV17UcTdHVhUwow,UCqhOC3lFQV17UcTdHVhUwow-BOhAzbSCS2E-seg000008,4.000000,SALT-k4,/gs/bs/tgh-25IAB/zhe/synvox2_prime/post_noise/sxw_model/output_voxtube_salt/base_topk4_eh_mix/UCqhOC3lFQV17UcTdHVhUwow/BOhAzbSCS2E/segment_8_eh.wav,audio/01_UCqhOC3lFQV17UcTdHVhUwow/03_UCqhOC3lFQV17UcTdHVhUwow-BOhAzbSCS2E-seg000008/salt_k4.wav
1,3,UCqhOC3lFQV17UcTdHVhUwow,UCqhOC3lFQV17UcTdHVhUwow-BOhAzbSCS2E-seg000008,4.000000,SALT-k8,/gs/bs/tgh-25IAB/zhe/synvox2_prime/post_noise/sxw_model/output_voxtube_salt/base_topk8_eh_mix/UCqhOC3lFQV17UcTdHVhUwow/BOhAzbSCS2E/segment_8_eh.wav,audio/01_UCqhOC3lFQV17UcTdHVhUwow/03_UCqhOC3lFQV17UcTdHVhUwow-BOhAzbSCS2E-seg000008/salt_k8.wav
1,3,UCqhOC3lFQV17UcTdHVhUwow,UCqhOC3lFQV17UcTdHVhUwow-BOhAzbSCS2E-seg000008,4.000000,DAIEN-NCFG(-1.0),/gs/bs/tgh-26IAT/zhe/anon-tts/results/VoxTube/seed0/4304/BOhAzbSCS2E_00008.wav,audio/01_UCqhOC3lFQV17UcTdHVhUwow/03_UCqhOC3lFQV17UcTdHVhUwow-BOhAzbSCS2E-seg000008/daien_ncfg_m1p0.wav
1,3,UCqhOC3lFQV17UcTdHVhUwow,UCqhOC3lFQV17UcTdHVhUwow-BOhAzbSCS2E-seg000008,4.000000,DAIEN-NCFG(-0.75),/gs/bs/tgh-26IAT/zhe/anon-tts/results/VoxTube/english_mp3_acfg_minus0.75/4304/BOhAzbSCS2E_00008.wav,audio/01_UCqhOC3lFQV17UcTdHVhUwow/03_UCqhOC3lFQV17UcTdHVhUwow-BOhAzbSCS2E-seg000008/daien_ncfg_m0p75.wav
1,3,UCqhOC3lFQV17UcTdHVhUwow,UCqhOC3lFQV17UcTdHVhUwow-BOhAzbSCS2E-seg000008,4.000000,DAIEN-NCFG(-0.5),/gs/bs/tgh-26IAT/zhe/anon-tts/results/VoxTube/english_mp3_acfg_minus0.5/4304/BOhAzbSCS2E_00008.wav,audio/01_UCqhOC3lFQV17UcTdHVhUwow/03_UCqhOC3lFQV17UcTdHVhUwow-BOhAzbSCS2E-seg000008/daien_ncfg_m0p5.wav
2,1,UCZz58phVC9FWtYfcdd_IrOw,UCZz58phVC9FWtYfcdd_IrOw-AcWZcVz_TdE-seg000005,4.000000,Auth,/gs/bs/tgh-25IAB/zhe/voxtube/voxtube_originals/UCZz58phVC9FWtYfcdd_IrOw/AcWZcVz_TdE/segment_5.mp3,audio/02_UCZz58phVC9FWtYfcdd_IrOw/01_UCZz58phVC9FWtYfcdd_IrOw-AcWZcVz_TdE-seg000005/auth.mp3
2,1,UCZz58phVC9FWtYfcdd_IrOw,UCZz58phVC9FWtYfcdd_IrOw-AcWZcVz_TdE-seg000005,4.000000,OHNN-HiFiGAN,/gs/bs/tgh-25IAB/zhe/synvox2_prime/post_noise/sxw_model/output_voxtube_synvox2/UCZz58phVC9FWtYfcdd_IrOw/AcWZcVz_TdE/segment_5_eh.wav,audio/02_UCZz58phVC9FWtYfcdd_IrOw/01_UCZz58phVC9FWtYfcdd_IrOw-AcWZcVz_TdE-seg000005/ohnn_hifigan.wav
2,1,UCZz58phVC9FWtYfcdd_IrOw,UCZz58phVC9FWtYfcdd_IrOw-AcWZcVz_TdE-seg000005,4.000000,OHNN-BigVGAN-SC,/gs/bs/tgh-25IAB/zhe/synvox2_prime/post_noise/sxw_model/output_voxtube_bigvgan/UCZz58phVC9FWtYfcdd_IrOw/AcWZcVz_TdE/segment_5_eh.wav,audio/02_UCZz58phVC9FWtYfcdd_IrOw/01_UCZz58phVC9FWtYfcdd_IrOw-AcWZcVz_TdE-seg000005/ohnn_bigvgan_sc.wav
2,1,UCZz58phVC9FWtYfcdd_IrOw,UCZz58phVC9FWtYfcdd_IrOw-AcWZcVz_TdE-seg000005,4.000000,SALT-k4,/gs/bs/tgh-25IAB/zhe/synvox2_prime/post_noise/sxw_model/output_voxtube_salt/base_topk4_eh_mix/UCZz58phVC9FWtYfcdd_IrOw/AcWZcVz_TdE/segment_5_eh.wav,audio/02_UCZz58phVC9FWtYfcdd_IrOw/01_UCZz58phVC9FWtYfcdd_IrOw-AcWZcVz_TdE-seg000005/salt_k4.wav
2,1,UCZz58phVC9FWtYfcdd_IrOw,UCZz58phVC9FWtYfcdd_IrOw-AcWZcVz_TdE-seg000005,4.000000,SALT-k8,/gs/bs/tgh-25IAB/zhe/synvox2_prime/post_noise/sxw_model/output_voxtube_salt/base_topk8_eh_mix/UCZz58phVC9FWtYfcdd_IrOw/AcWZcVz_TdE/segment_5_eh.wav,audio/02_UCZz58phVC9FWtYfcdd_IrOw/01_UCZz58phVC9FWtYfcdd_IrOw-AcWZcVz_TdE-seg000005/salt_k8.wav
2,1,UCZz58phVC9FWtYfcdd_IrOw,UCZz58phVC9FWtYfcdd_IrOw-AcWZcVz_TdE-seg000005,4.000000,DAIEN-NCFG(-1.0),/gs/bs/tgh-26IAT/zhe/anon-tts/results/VoxTube/seed0/2839/AcWZcVz_TdE_00005.wav,audio/02_UCZz58phVC9FWtYfcdd_IrOw/01_UCZz58phVC9FWtYfcdd_IrOw-AcWZcVz_TdE-seg000005/daien_ncfg_m1p0.wav
2,1,UCZz58phVC9FWtYfcdd_IrOw,UCZz58phVC9FWtYfcdd_IrOw-AcWZcVz_TdE-seg000005,4.000000,DAIEN-NCFG(-0.75),/gs/bs/tgh-26IAT/zhe/anon-tts/results/VoxTube/english_mp3_acfg_minus0.75/2839/AcWZcVz_TdE_00005.wav,audio/02_UCZz58phVC9FWtYfcdd_IrOw/01_UCZz58phVC9FWtYfcdd_IrOw-AcWZcVz_TdE-seg000005/daien_ncfg_m0p75.wav
2,1,UCZz58phVC9FWtYfcdd_IrOw,UCZz58phVC9FWtYfcdd_IrOw-AcWZcVz_TdE-seg000005,4.000000,DAIEN-NCFG(-0.5),/gs/bs/tgh-26IAT/zhe/anon-tts/results/VoxTube/english_mp3_acfg_minus0.5/2839/AcWZcVz_TdE_00005.wav,audio/02_UCZz58phVC9FWtYfcdd_IrOw/01_UCZz58phVC9FWtYfcdd_IrOw-AcWZcVz_TdE-seg000005/daien_ncfg_m0p5.wav
2,2,UCZz58phVC9FWtYfcdd_IrOw,UCZz58phVC9FWtYfcdd_IrOw-DyOmyXhYjcE-seg000002,4.000000,Auth,/gs/bs/tgh-25IAB/zhe/voxtube/voxtube_originals/UCZz58phVC9FWtYfcdd_IrOw/DyOmyXhYjcE/segment_2.mp3,audio/02_UCZz58phVC9FWtYfcdd_IrOw/02_UCZz58phVC9FWtYfcdd_IrOw-DyOmyXhYjcE-seg000002/auth.mp3
2,2,UCZz58phVC9FWtYfcdd_IrOw,UCZz58phVC9FWtYfcdd_IrOw-DyOmyXhYjcE-seg000002,4.000000,OHNN-HiFiGAN,/gs/bs/tgh-25IAB/zhe/synvox2_prime/post_noise/sxw_model/output_voxtube_synvox2/UCZz58phVC9FWtYfcdd_IrOw/DyOmyXhYjcE/segment_2_eh.wav,audio/02_UCZz58phVC9FWtYfcdd_IrOw/02_UCZz58phVC9FWtYfcdd_IrOw-DyOmyXhYjcE-seg000002/ohnn_hifigan.wav
2,2,UCZz58phVC9FWtYfcdd_IrOw,UCZz58phVC9FWtYfcdd_IrOw-DyOmyXhYjcE-seg000002,4.000000,OHNN-BigVGAN-SC,/gs/bs/tgh-25IAB/zhe/synvox2_prime/post_noise/sxw_model/output_voxtube_bigvgan/UCZz58phVC9FWtYfcdd_IrOw/DyOmyXhYjcE/segment_2_eh.wav,audio/02_UCZz58phVC9FWtYfcdd_IrOw/02_UCZz58phVC9FWtYfcdd_IrOw-DyOmyXhYjcE-seg000002/ohnn_bigvgan_sc.wav
2,2,UCZz58phVC9FWtYfcdd_IrOw,UCZz58phVC9FWtYfcdd_IrOw-DyOmyXhYjcE-seg000002,4.000000,SALT-k4,/gs/bs/tgh-25IAB/zhe/synvox2_prime/post_noise/sxw_model/output_voxtube_salt/base_topk4_eh_mix/UCZz58phVC9FWtYfcdd_IrOw/DyOmyXhYjcE/segment_2_eh.wav,audio/02_UCZz58phVC9FWtYfcdd_IrOw/02_UCZz58phVC9FWtYfcdd_IrOw-DyOmyXhYjcE-seg000002/salt_k4.wav
2,2,UCZz58phVC9FWtYfcdd_IrOw,UCZz58phVC9FWtYfcdd_IrOw-DyOmyXhYjcE-seg000002,4.000000,SALT-k8,/gs/bs/tgh-25IAB/zhe/synvox2_prime/post_noise/sxw_model/output_voxtube_salt/base_topk8_eh_mix/UCZz58phVC9FWtYfcdd_IrOw/DyOmyXhYjcE/segment_2_eh.wav,audio/02_UCZz58phVC9FWtYfcdd_IrOw/02_UCZz58phVC9FWtYfcdd_IrOw-DyOmyXhYjcE-seg000002/salt_k8.wav
2,2,UCZz58phVC9FWtYfcdd_IrOw,UCZz58phVC9FWtYfcdd_IrOw-DyOmyXhYjcE-seg000002,4.000000,DAIEN-NCFG(-1.0),/gs/bs/tgh-26IAT/zhe/anon-tts/results/VoxTube/seed0/2839/DyOmyXhYjcE_00002.wav,audio/02_UCZz58phVC9FWtYfcdd_IrOw/02_UCZz58phVC9FWtYfcdd_IrOw-DyOmyXhYjcE-seg000002/daien_ncfg_m1p0.wav
2,2,UCZz58phVC9FWtYfcdd_IrOw,UCZz58phVC9FWtYfcdd_IrOw-DyOmyXhYjcE-seg000002,4.000000,DAIEN-NCFG(-0.75),/gs/bs/tgh-26IAT/zhe/anon-tts/results/VoxTube/english_mp3_acfg_minus0.75/2839/DyOmyXhYjcE_00002.wav,audio/02_UCZz58phVC9FWtYfcdd_IrOw/02_UCZz58phVC9FWtYfcdd_IrOw-DyOmyXhYjcE-seg000002/daien_ncfg_m0p75.wav
2,2,UCZz58phVC9FWtYfcdd_IrOw,UCZz58phVC9FWtYfcdd_IrOw-DyOmyXhYjcE-seg000002,4.000000,DAIEN-NCFG(-0.5),/gs/bs/tgh-26IAT/zhe/anon-tts/results/VoxTube/english_mp3_acfg_minus0.5/2839/DyOmyXhYjcE_00002.wav,audio/02_UCZz58phVC9FWtYfcdd_IrOw/02_UCZz58phVC9FWtYfcdd_IrOw-DyOmyXhYjcE-seg000002/daien_ncfg_m0p5.wav
2,3,UCZz58phVC9FWtYfcdd_IrOw,UCZz58phVC9FWtYfcdd_IrOw-naUyElrd8s4-seg000004,4.000000,Auth,/gs/bs/tgh-25IAB/zhe/voxtube/voxtube_originals/UCZz58phVC9FWtYfcdd_IrOw/naUyElrd8s4/segment_4.mp3,audio/02_UCZz58phVC9FWtYfcdd_IrOw/03_UCZz58phVC9FWtYfcdd_IrOw-naUyElrd8s4-seg000004/auth.mp3
2,3,UCZz58phVC9FWtYfcdd_IrOw,UCZz58phVC9FWtYfcdd_IrOw-naUyElrd8s4-seg000004,4.000000,OHNN-HiFiGAN,/gs/bs/tgh-25IAB/zhe/synvox2_prime/post_noise/sxw_model/output_voxtube_synvox2/UCZz58phVC9FWtYfcdd_IrOw/naUyElrd8s4/segment_4_eh.wav,audio/02_UCZz58phVC9FWtYfcdd_IrOw/03_UCZz58phVC9FWtYfcdd_IrOw-naUyElrd8s4-seg000004/ohnn_hifigan.wav
2,3,UCZz58phVC9FWtYfcdd_IrOw,UCZz58phVC9FWtYfcdd_IrOw-naUyElrd8s4-seg000004,4.000000,OHNN-BigVGAN-SC,/gs/bs/tgh-25IAB/zhe/synvox2_prime/post_noise/sxw_model/output_voxtube_bigvgan/UCZz58phVC9FWtYfcdd_IrOw/naUyElrd8s4/segment_4_eh.wav,audio/02_UCZz58phVC9FWtYfcdd_IrOw/03_UCZz58phVC9FWtYfcdd_IrOw-naUyElrd8s4-seg000004/ohnn_bigvgan_sc.wav
2,3,UCZz58phVC9FWtYfcdd_IrOw,UCZz58phVC9FWtYfcdd_IrOw-naUyElrd8s4-seg000004,4.000000,SALT-k4,/gs/bs/tgh-25IAB/zhe/synvox2_prime/post_noise/sxw_model/output_voxtube_salt/base_topk4_eh_mix/UCZz58phVC9FWtYfcdd_IrOw/naUyElrd8s4/segment_4_eh.wav,audio/02_UCZz58phVC9FWtYfcdd_IrOw/03_UCZz58phVC9FWtYfcdd_IrOw-naUyElrd8s4-seg000004/salt_k4.wav
2,3,UCZz58phVC9FWtYfcdd_IrOw,UCZz58phVC9FWtYfcdd_IrOw-naUyElrd8s4-seg000004,4.000000,SALT-k8,/gs/bs/tgh-25IAB/zhe/synvox2_prime/post_noise/sxw_model/output_voxtube_salt/base_topk8_eh_mix/UCZz58phVC9FWtYfcdd_IrOw/naUyElrd8s4/segment_4_eh.wav,audio/02_UCZz58phVC9FWtYfcdd_IrOw/03_UCZz58phVC9FWtYfcdd_IrOw-naUyElrd8s4-seg000004/salt_k8.wav
2,3,UCZz58phVC9FWtYfcdd_IrOw,UCZz58phVC9FWtYfcdd_IrOw-naUyElrd8s4-seg000004,4.000000,DAIEN-NCFG(-1.0),/gs/bs/tgh-26IAT/zhe/anon-tts/results/VoxTube/seed0/2839/naUyElrd8s4_00004.wav,audio/02_UCZz58phVC9FWtYfcdd_IrOw/03_UCZz58phVC9FWtYfcdd_IrOw-naUyElrd8s4-seg000004/daien_ncfg_m1p0.wav
2,3,UCZz58phVC9FWtYfcdd_IrOw,UCZz58phVC9FWtYfcdd_IrOw-naUyElrd8s4-seg000004,4.000000,DAIEN-NCFG(-0.75),/gs/bs/tgh-26IAT/zhe/anon-tts/results/VoxTube/english_mp3_acfg_minus0.75/2839/naUyElrd8s4_00004.wav,audio/02_UCZz58phVC9FWtYfcdd_IrOw/03_UCZz58phVC9FWtYfcdd_IrOw-naUyElrd8s4-seg000004/daien_ncfg_m0p75.wav
2,3,UCZz58phVC9FWtYfcdd_IrOw,UCZz58phVC9FWtYfcdd_IrOw-naUyElrd8s4-seg000004,4.000000,DAIEN-NCFG(-0.5),/gs/bs/tgh-26IAT/zhe/anon-tts/results/VoxTube/english_mp3_acfg_minus0.5/2839/naUyElrd8s4_00004.wav,audio/02_UCZz58phVC9FWtYfcdd_IrOw/03_UCZz58phVC9FWtYfcdd_IrOw-naUyElrd8s4-seg000004/daien_ncfg_m0p5.wav
3,1,UCI__mod_SOk7w1oTG9jvwDg,UCI__mod_SOk7w1oTG9jvwDg-8jamAMgRsS8-seg000002,4.000000,Auth,/gs/bs/tgh-25IAB/zhe/voxtube/voxtube_originals/UCI__mod_SOk7w1oTG9jvwDg/8jamAMgRsS8/segment_2.mp3,audio/03_UCI__mod_SOk7w1oTG9jvwDg/01_UCI__mod_SOk7w1oTG9jvwDg-8jamAMgRsS8-seg000002/auth.mp3
3,1,UCI__mod_SOk7w1oTG9jvwDg,UCI__mod_SOk7w1oTG9jvwDg-8jamAMgRsS8-seg000002,4.000000,OHNN-HiFiGAN,/gs/bs/tgh-25IAB/zhe/synvox2_prime/post_noise/sxw_model/output_voxtube_synvox2/UCI__mod_SOk7w1oTG9jvwDg/8jamAMgRsS8/segment_2_eh.wav,audio/03_UCI__mod_SOk7w1oTG9jvwDg/01_UCI__mod_SOk7w1oTG9jvwDg-8jamAMgRsS8-seg000002/ohnn_hifigan.wav
3,1,UCI__mod_SOk7w1oTG9jvwDg,UCI__mod_SOk7w1oTG9jvwDg-8jamAMgRsS8-seg000002,4.000000,OHNN-BigVGAN-SC,/gs/bs/tgh-25IAB/zhe/synvox2_prime/post_noise/sxw_model/output_voxtube_bigvgan/UCI__mod_SOk7w1oTG9jvwDg/8jamAMgRsS8/segment_2_eh.wav,audio/03_UCI__mod_SOk7w1oTG9jvwDg/01_UCI__mod_SOk7w1oTG9jvwDg-8jamAMgRsS8-seg000002/ohnn_bigvgan_sc.wav
3,1,UCI__mod_SOk7w1oTG9jvwDg,UCI__mod_SOk7w1oTG9jvwDg-8jamAMgRsS8-seg000002,4.000000,SALT-k4,/gs/bs/tgh-25IAB/zhe/synvox2_prime/post_noise/sxw_model/output_voxtube_salt/base_topk4_eh_mix/UCI__mod_SOk7w1oTG9jvwDg/8jamAMgRsS8/segment_2_eh.wav,audio/03_UCI__mod_SOk7w1oTG9jvwDg/01_UCI__mod_SOk7w1oTG9jvwDg-8jamAMgRsS8-seg000002/salt_k4.wav
3,1,UCI__mod_SOk7w1oTG9jvwDg,UCI__mod_SOk7w1oTG9jvwDg-8jamAMgRsS8-seg000002,4.000000,SALT-k8,/gs/bs/tgh-25IAB/zhe/synvox2_prime/post_noise/sxw_model/output_voxtube_salt/base_topk8_eh_mix/UCI__mod_SOk7w1oTG9jvwDg/8jamAMgRsS8/segment_2_eh.wav,audio/03_UCI__mod_SOk7w1oTG9jvwDg/01_UCI__mod_SOk7w1oTG9jvwDg-8jamAMgRsS8-seg000002/salt_k8.wav
3,1,UCI__mod_SOk7w1oTG9jvwDg,UCI__mod_SOk7w1oTG9jvwDg-8jamAMgRsS8-seg000002,4.000000,DAIEN-NCFG(-1.0),/gs/bs/tgh-26IAT/zhe/anon-tts/results/VoxTube/seed0/1511/8jamAMgRsS8_00002.wav,audio/03_UCI__mod_SOk7w1oTG9jvwDg/01_UCI__mod_SOk7w1oTG9jvwDg-8jamAMgRsS8-seg000002/daien_ncfg_m1p0.wav
3,1,UCI__mod_SOk7w1oTG9jvwDg,UCI__mod_SOk7w1oTG9jvwDg-8jamAMgRsS8-seg000002,4.000000,DAIEN-NCFG(-0.75),/gs/bs/tgh-26IAT/zhe/anon-tts/results/VoxTube/english_mp3_acfg_minus0.75/1511/8jamAMgRsS8_00002.wav,audio/03_UCI__mod_SOk7w1oTG9jvwDg/01_UCI__mod_SOk7w1oTG9jvwDg-8jamAMgRsS8-seg000002/daien_ncfg_m0p75.wav
3,1,UCI__mod_SOk7w1oTG9jvwDg,UCI__mod_SOk7w1oTG9jvwDg-8jamAMgRsS8-seg000002,4.000000,DAIEN-NCFG(-0.5),/gs/bs/tgh-26IAT/zhe/anon-tts/results/VoxTube/english_mp3_acfg_minus0.5/1511/8jamAMgRsS8_00002.wav,audio/03_UCI__mod_SOk7w1oTG9jvwDg/01_UCI__mod_SOk7w1oTG9jvwDg-8jamAMgRsS8-seg000002/daien_ncfg_m0p5.wav
3,2,UCI__mod_SOk7w1oTG9jvwDg,UCI__mod_SOk7w1oTG9jvwDg-GYSv0ig1Xow-seg000002,4.000000,Auth,/gs/bs/tgh-25IAB/zhe/voxtube/voxtube_originals/UCI__mod_SOk7w1oTG9jvwDg/GYSv0ig1Xow/segment_2.mp3,audio/03_UCI__mod_SOk7w1oTG9jvwDg/02_UCI__mod_SOk7w1oTG9jvwDg-GYSv0ig1Xow-seg000002/auth.mp3
3,2,UCI__mod_SOk7w1oTG9jvwDg,UCI__mod_SOk7w1oTG9jvwDg-GYSv0ig1Xow-seg000002,4.000000,OHNN-HiFiGAN,/gs/bs/tgh-25IAB/zhe/synvox2_prime/post_noise/sxw_model/output_voxtube_synvox2/UCI__mod_SOk7w1oTG9jvwDg/GYSv0ig1Xow/segment_2_eh.wav,audio/03_UCI__mod_SOk7w1oTG9jvwDg/02_UCI__mod_SOk7w1oTG9jvwDg-GYSv0ig1Xow-seg000002/ohnn_hifigan.wav
3,2,UCI__mod_SOk7w1oTG9jvwDg,UCI__mod_SOk7w1oTG9jvwDg-GYSv0ig1Xow-seg000002,4.000000,OHNN-BigVGAN-SC,/gs/bs/tgh-25IAB/zhe/synvox2_prime/post_noise/sxw_model/output_voxtube_bigvgan/UCI__mod_SOk7w1oTG9jvwDg/GYSv0ig1Xow/segment_2_eh.wav,audio/03_UCI__mod_SOk7w1oTG9jvwDg/02_UCI__mod_SOk7w1oTG9jvwDg-GYSv0ig1Xow-seg000002/ohnn_bigvgan_sc.wav
3,2,UCI__mod_SOk7w1oTG9jvwDg,UCI__mod_SOk7w1oTG9jvwDg-GYSv0ig1Xow-seg000002,4.000000,SALT-k4,/gs/bs/tgh-25IAB/zhe/synvox2_prime/post_noise/sxw_model/output_voxtube_salt/base_topk4_eh_mix/UCI__mod_SOk7w1oTG9jvwDg/GYSv0ig1Xow/segment_2_eh.wav,audio/03_UCI__mod_SOk7w1oTG9jvwDg/02_UCI__mod_SOk7w1oTG9jvwDg-GYSv0ig1Xow-seg000002/salt_k4.wav
3,2,UCI__mod_SOk7w1oTG9jvwDg,UCI__mod_SOk7w1oTG9jvwDg-GYSv0ig1Xow-seg000002,4.000000,SALT-k8,/gs/bs/tgh-25IAB/zhe/synvox2_prime/post_noise/sxw_model/output_voxtube_salt/base_topk8_eh_mix/UCI__mod_SOk7w1oTG9jvwDg/GYSv0ig1Xow/segment_2_eh.wav,audio/03_UCI__mod_SOk7w1oTG9jvwDg/02_UCI__mod_SOk7w1oTG9jvwDg-GYSv0ig1Xow-seg000002/salt_k8.wav
3,2,UCI__mod_SOk7w1oTG9jvwDg,UCI__mod_SOk7w1oTG9jvwDg-GYSv0ig1Xow-seg000002,4.000000,DAIEN-NCFG(-1.0),/gs/bs/tgh-26IAT/zhe/anon-tts/results/VoxTube/seed0/1511/GYSv0ig1Xow_00002.wav,audio/03_UCI__mod_SOk7w1oTG9jvwDg/02_UCI__mod_SOk7w1oTG9jvwDg-GYSv0ig1Xow-seg000002/daien_ncfg_m1p0.wav
3,2,UCI__mod_SOk7w1oTG9jvwDg,UCI__mod_SOk7w1oTG9jvwDg-GYSv0ig1Xow-seg000002,4.000000,DAIEN-NCFG(-0.75),/gs/bs/tgh-26IAT/zhe/anon-tts/results/VoxTube/english_mp3_acfg_minus0.75/1511/GYSv0ig1Xow_00002.wav,audio/03_UCI__mod_SOk7w1oTG9jvwDg/02_UCI__mod_SOk7w1oTG9jvwDg-GYSv0ig1Xow-seg000002/daien_ncfg_m0p75.wav
3,2,UCI__mod_SOk7w1oTG9jvwDg,UCI__mod_SOk7w1oTG9jvwDg-GYSv0ig1Xow-seg000002,4.000000,DAIEN-NCFG(-0.5),/gs/bs/tgh-26IAT/zhe/anon-tts/results/VoxTube/english_mp3_acfg_minus0.5/1511/GYSv0ig1Xow_00002.wav,audio/03_UCI__mod_SOk7w1oTG9jvwDg/02_UCI__mod_SOk7w1oTG9jvwDg-GYSv0ig1Xow-seg000002/daien_ncfg_m0p5.wav
3,3,UCI__mod_SOk7w1oTG9jvwDg,UCI__mod_SOk7w1oTG9jvwDg-vHtYjqOrzno-seg000005,4.000000,Auth,/gs/bs/tgh-25IAB/zhe/voxtube/voxtube_originals/UCI__mod_SOk7w1oTG9jvwDg/vHtYjqOrzno/segment_5.mp3,audio/03_UCI__mod_SOk7w1oTG9jvwDg/03_UCI__mod_SOk7w1oTG9jvwDg-vHtYjqOrzno-seg000005/auth.mp3
3,3,UCI__mod_SOk7w1oTG9jvwDg,UCI__mod_SOk7w1oTG9jvwDg-vHtYjqOrzno-seg000005,4.000000,OHNN-HiFiGAN,/gs/bs/tgh-25IAB/zhe/synvox2_prime/post_noise/sxw_model/output_voxtube_synvox2/UCI__mod_SOk7w1oTG9jvwDg/vHtYjqOrzno/segment_5_eh.wav,audio/03_UCI__mod_SOk7w1oTG9jvwDg/03_UCI__mod_SOk7w1oTG9jvwDg-vHtYjqOrzno-seg000005/ohnn_hifigan.wav
3,3,UCI__mod_SOk7w1oTG9jvwDg,UCI__mod_SOk7w1oTG9jvwDg-vHtYjqOrzno-seg000005,4.000000,OHNN-BigVGAN-SC,/gs/bs/tgh-25IAB/zhe/synvox2_prime/post_noise/sxw_model/output_voxtube_bigvgan/UCI__mod_SOk7w1oTG9jvwDg/vHtYjqOrzno/segment_5_eh.wav,audio/03_UCI__mod_SOk7w1oTG9jvwDg/03_UCI__mod_SOk7w1oTG9jvwDg-vHtYjqOrzno-seg000005/ohnn_bigvgan_sc.wav
3,3,UCI__mod_SOk7w1oTG9jvwDg,UCI__mod_SOk7w1oTG9jvwDg-vHtYjqOrzno-seg000005,4.000000,SALT-k4,/gs/bs/tgh-25IAB/zhe/synvox2_prime/post_noise/sxw_model/output_voxtube_salt/base_topk4_eh_mix/UCI__mod_SOk7w1oTG9jvwDg/vHtYjqOrzno/segment_5_eh.wav,audio/03_UCI__mod_SOk7w1oTG9jvwDg/03_UCI__mod_SOk7w1oTG9jvwDg-vHtYjqOrzno-seg000005/salt_k4.wav
3,3,UCI__mod_SOk7w1oTG9jvwDg,UCI__mod_SOk7w1oTG9jvwDg-vHtYjqOrzno-seg000005,4.000000,SALT-k8,/gs/bs/tgh-25IAB/zhe/synvox2_prime/post_noise/sxw_model/output_voxtube_salt/base_topk8_eh_mix/UCI__mod_SOk7w1oTG9jvwDg/vHtYjqOrzno/segment_5_eh.wav,audio/03_UCI__mod_SOk7w1oTG9jvwDg/03_UCI__mod_SOk7w1oTG9jvwDg-vHtYjqOrzno-seg000005/salt_k8.wav
3,3,UCI__mod_SOk7w1oTG9jvwDg,UCI__mod_SOk7w1oTG9jvwDg-vHtYjqOrzno-seg000005,4.000000,DAIEN-NCFG(-1.0),/gs/bs/tgh-26IAT/zhe/anon-tts/results/VoxTube/seed0/1511/vHtYjqOrzno_00005.wav,audio/03_UCI__mod_SOk7w1oTG9jvwDg/03_UCI__mod_SOk7w1oTG9jvwDg-vHtYjqOrzno-seg000005/daien_ncfg_m1p0.wav
3,3,UCI__mod_SOk7w1oTG9jvwDg,UCI__mod_SOk7w1oTG9jvwDg-vHtYjqOrzno-seg000005,4.000000,DAIEN-NCFG(-0.75),/gs/bs/tgh-26IAT/zhe/anon-tts/results/VoxTube/english_mp3_acfg_minus0.75/1511/vHtYjqOrzno_00005.wav,audio/03_UCI__mod_SOk7w1oTG9jvwDg/03_UCI__mod_SOk7w1oTG9jvwDg-vHtYjqOrzno-seg000005/daien_ncfg_m0p75.wav
3,3,UCI__mod_SOk7w1oTG9jvwDg,UCI__mod_SOk7w1oTG9jvwDg-vHtYjqOrzno-seg000005,4.000000,DAIEN-NCFG(-0.5),/gs/bs/tgh-26IAT/zhe/anon-tts/results/VoxTube/english_mp3_acfg_minus0.5/1511/vHtYjqOrzno_00005.wav,audio/03_UCI__mod_SOk7w1oTG9jvwDg/03_UCI__mod_SOk7w1oTG9jvwDg-vHtYjqOrzno-seg000005/daien_ncfg_m0p5.wav
4,1,UCqwLHNFtrOjrOC3CnvviS1g,UCqwLHNFtrOjrOC3CnvviS1g-FfmAXS57wHY-seg000004,4.000000,Auth,/gs/bs/tgh-25IAB/zhe/voxtube/voxtube_originals/UCqwLHNFtrOjrOC3CnvviS1g/FfmAXS57wHY/segment_4.mp3,audio/04_UCqwLHNFtrOjrOC3CnvviS1g/01_UCqwLHNFtrOjrOC3CnvviS1g-FfmAXS57wHY-seg000004/auth.mp3
4,1,UCqwLHNFtrOjrOC3CnvviS1g,UCqwLHNFtrOjrOC3CnvviS1g-FfmAXS57wHY-seg000004,4.000000,OHNN-HiFiGAN,/gs/bs/tgh-25IAB/zhe/synvox2_prime/post_noise/sxw_model/output_voxtube_synvox2/UCqwLHNFtrOjrOC3CnvviS1g/FfmAXS57wHY/segment_4_eh.wav,audio/04_UCqwLHNFtrOjrOC3CnvviS1g/01_UCqwLHNFtrOjrOC3CnvviS1g-FfmAXS57wHY-seg000004/ohnn_hifigan.wav
4,1,UCqwLHNFtrOjrOC3CnvviS1g,UCqwLHNFtrOjrOC3CnvviS1g-FfmAXS57wHY-seg000004,4.000000,OHNN-BigVGAN-SC,/gs/bs/tgh-25IAB/zhe/synvox2_prime/post_noise/sxw_model/output_voxtube_bigvgan/UCqwLHNFtrOjrOC3CnvviS1g/FfmAXS57wHY/segment_4_eh.wav,audio/04_UCqwLHNFtrOjrOC3CnvviS1g/01_UCqwLHNFtrOjrOC3CnvviS1g-FfmAXS57wHY-seg000004/ohnn_bigvgan_sc.wav
4,1,UCqwLHNFtrOjrOC3CnvviS1g,UCqwLHNFtrOjrOC3CnvviS1g-FfmAXS57wHY-seg000004,4.000000,SALT-k4,/gs/bs/tgh-25IAB/zhe/synvox2_prime/post_noise/sxw_model/output_voxtube_salt/base_topk4_eh_mix/UCqwLHNFtrOjrOC3CnvviS1g/FfmAXS57wHY/segment_4_eh.wav,audio/04_UCqwLHNFtrOjrOC3CnvviS1g/01_UCqwLHNFtrOjrOC3CnvviS1g-FfmAXS57wHY-seg000004/salt_k4.wav
4,1,UCqwLHNFtrOjrOC3CnvviS1g,UCqwLHNFtrOjrOC3CnvviS1g-FfmAXS57wHY-seg000004,4.000000,SALT-k8,/gs/bs/tgh-25IAB/zhe/synvox2_prime/post_noise/sxw_model/output_voxtube_salt/base_topk8_eh_mix/UCqwLHNFtrOjrOC3CnvviS1g/FfmAXS57wHY/segment_4_eh.wav,audio/04_UCqwLHNFtrOjrOC3CnvviS1g/01_UCqwLHNFtrOjrOC3CnvviS1g-FfmAXS57wHY-seg000004/salt_k8.wav
4,1,UCqwLHNFtrOjrOC3CnvviS1g,UCqwLHNFtrOjrOC3CnvviS1g-FfmAXS57wHY-seg000004,4.000000,DAIEN-NCFG(-1.0),/gs/bs/tgh-26IAT/zhe/anon-tts/results/VoxTube/seed0/4322/FfmAXS57wHY_00004.wav,audio/04_UCqwLHNFtrOjrOC3CnvviS1g/01_UCqwLHNFtrOjrOC3CnvviS1g-FfmAXS57wHY-seg000004/daien_ncfg_m1p0.wav
4,1,UCqwLHNFtrOjrOC3CnvviS1g,UCqwLHNFtrOjrOC3CnvviS1g-FfmAXS57wHY-seg000004,4.000000,DAIEN-NCFG(-0.75),/gs/bs/tgh-26IAT/zhe/anon-tts/results/VoxTube/english_mp3_acfg_minus0.75/4322/FfmAXS57wHY_00004.wav,audio/04_UCqwLHNFtrOjrOC3CnvviS1g/01_UCqwLHNFtrOjrOC3CnvviS1g-FfmAXS57wHY-seg000004/daien_ncfg_m0p75.wav
4,1,UCqwLHNFtrOjrOC3CnvviS1g,UCqwLHNFtrOjrOC3CnvviS1g-FfmAXS57wHY-seg000004,4.000000,DAIEN-NCFG(-0.5),/gs/bs/tgh-26IAT/zhe/anon-tts/results/VoxTube/english_mp3_acfg_minus0.5/4322/FfmAXS57wHY_00004.wav,audio/04_UCqwLHNFtrOjrOC3CnvviS1g/01_UCqwLHNFtrOjrOC3CnvviS1g-FfmAXS57wHY-seg000004/daien_ncfg_m0p5.wav
4,2,UCqwLHNFtrOjrOC3CnvviS1g,UCqwLHNFtrOjrOC3CnvviS1g-WFOxhIoHAhY-seg000004,4.000000,Auth,/gs/bs/tgh-25IAB/zhe/voxtube/voxtube_originals/UCqwLHNFtrOjrOC3CnvviS1g/WFOxhIoHAhY/segment_4.mp3,audio/04_UCqwLHNFtrOjrOC3CnvviS1g/02_UCqwLHNFtrOjrOC3CnvviS1g-WFOxhIoHAhY-seg000004/auth.mp3
4,2,UCqwLHNFtrOjrOC3CnvviS1g,UCqwLHNFtrOjrOC3CnvviS1g-WFOxhIoHAhY-seg000004,4.000000,OHNN-HiFiGAN,/gs/bs/tgh-25IAB/zhe/synvox2_prime/post_noise/sxw_model/output_voxtube_synvox2/UCqwLHNFtrOjrOC3CnvviS1g/WFOxhIoHAhY/segment_4_eh.wav,audio/04_UCqwLHNFtrOjrOC3CnvviS1g/02_UCqwLHNFtrOjrOC3CnvviS1g-WFOxhIoHAhY-seg000004/ohnn_hifigan.wav
4,2,UCqwLHNFtrOjrOC3CnvviS1g,UCqwLHNFtrOjrOC3CnvviS1g-WFOxhIoHAhY-seg000004,4.000000,OHNN-BigVGAN-SC,/gs/bs/tgh-25IAB/zhe/synvox2_prime/post_noise/sxw_model/output_voxtube_bigvgan/UCqwLHNFtrOjrOC3CnvviS1g/WFOxhIoHAhY/segment_4_eh.wav,audio/04_UCqwLHNFtrOjrOC3CnvviS1g/02_UCqwLHNFtrOjrOC3CnvviS1g-WFOxhIoHAhY-seg000004/ohnn_bigvgan_sc.wav
4,2,UCqwLHNFtrOjrOC3CnvviS1g,UCqwLHNFtrOjrOC3CnvviS1g-WFOxhIoHAhY-seg000004,4.000000,SALT-k4,/gs/bs/tgh-25IAB/zhe/synvox2_prime/post_noise/sxw_model/output_voxtube_salt/base_topk4_eh_mix/UCqwLHNFtrOjrOC3CnvviS1g/WFOxhIoHAhY/segment_4_eh.wav,audio/04_UCqwLHNFtrOjrOC3CnvviS1g/02_UCqwLHNFtrOjrOC3CnvviS1g-WFOxhIoHAhY-seg000004/salt_k4.wav
4,2,UCqwLHNFtrOjrOC3CnvviS1g,UCqwLHNFtrOjrOC3CnvviS1g-WFOxhIoHAhY-seg000004,4.000000,SALT-k8,/gs/bs/tgh-25IAB/zhe/synvox2_prime/post_noise/sxw_model/output_voxtube_salt/base_topk8_eh_mix/UCqwLHNFtrOjrOC3CnvviS1g/WFOxhIoHAhY/segment_4_eh.wav,audio/04_UCqwLHNFtrOjrOC3CnvviS1g/02_UCqwLHNFtrOjrOC3CnvviS1g-WFOxhIoHAhY-seg000004/salt_k8.wav
4,2,UCqwLHNFtrOjrOC3CnvviS1g,UCqwLHNFtrOjrOC3CnvviS1g-WFOxhIoHAhY-seg000004,4.000000,DAIEN-NCFG(-1.0),/gs/bs/tgh-26IAT/zhe/anon-tts/results/VoxTube/seed0/4322/WFOxhIoHAhY_00004.wav,audio/04_UCqwLHNFtrOjrOC3CnvviS1g/02_UCqwLHNFtrOjrOC3CnvviS1g-WFOxhIoHAhY-seg000004/daien_ncfg_m1p0.wav
4,2,UCqwLHNFtrOjrOC3CnvviS1g,UCqwLHNFtrOjrOC3CnvviS1g-WFOxhIoHAhY-seg000004,4.000000,DAIEN-NCFG(-0.75),/gs/bs/tgh-26IAT/zhe/anon-tts/results/VoxTube/english_mp3_acfg_minus0.75/4322/WFOxhIoHAhY_00004.wav,audio/04_UCqwLHNFtrOjrOC3CnvviS1g/02_UCqwLHNFtrOjrOC3CnvviS1g-WFOxhIoHAhY-seg000004/daien_ncfg_m0p75.wav
4,2,UCqwLHNFtrOjrOC3CnvviS1g,UCqwLHNFtrOjrOC3CnvviS1g-WFOxhIoHAhY-seg000004,4.000000,DAIEN-NCFG(-0.5),/gs/bs/tgh-26IAT/zhe/anon-tts/results/VoxTube/english_mp3_acfg_minus0.5/4322/WFOxhIoHAhY_00004.wav,audio/04_UCqwLHNFtrOjrOC3CnvviS1g/02_UCqwLHNFtrOjrOC3CnvviS1g-WFOxhIoHAhY-seg000004/daien_ncfg_m0p5.wav
4,3,UCqwLHNFtrOjrOC3CnvviS1g,UCqwLHNFtrOjrOC3CnvviS1g-ryNJOzsm71c-seg000008,4.000000,Auth,/gs/bs/tgh-25IAB/zhe/voxtube/voxtube_originals/UCqwLHNFtrOjrOC3CnvviS1g/ryNJOzsm71c/segment_8.mp3,audio/04_UCqwLHNFtrOjrOC3CnvviS1g/03_UCqwLHNFtrOjrOC3CnvviS1g-ryNJOzsm71c-seg000008/auth.mp3
4,3,UCqwLHNFtrOjrOC3CnvviS1g,UCqwLHNFtrOjrOC3CnvviS1g-ryNJOzsm71c-seg000008,4.000000,OHNN-HiFiGAN,/gs/bs/tgh-25IAB/zhe/synvox2_prime/post_noise/sxw_model/output_voxtube_synvox2/UCqwLHNFtrOjrOC3CnvviS1g/ryNJOzsm71c/segment_8_eh.wav,audio/04_UCqwLHNFtrOjrOC3CnvviS1g/03_UCqwLHNFtrOjrOC3CnvviS1g-ryNJOzsm71c-seg000008/ohnn_hifigan.wav
4,3,UCqwLHNFtrOjrOC3CnvviS1g,UCqwLHNFtrOjrOC3CnvviS1g-ryNJOzsm71c-seg000008,4.000000,OHNN-BigVGAN-SC,/gs/bs/tgh-25IAB/zhe/synvox2_prime/post_noise/sxw_model/output_voxtube_bigvgan/UCqwLHNFtrOjrOC3CnvviS1g/ryNJOzsm71c/segment_8_eh.wav,audio/04_UCqwLHNFtrOjrOC3CnvviS1g/03_UCqwLHNFtrOjrOC3CnvviS1g-ryNJOzsm71c-seg000008/ohnn_bigvgan_sc.wav
4,3,UCqwLHNFtrOjrOC3CnvviS1g,UCqwLHNFtrOjrOC3CnvviS1g-ryNJOzsm71c-seg000008,4.000000,SALT-k4,/gs/bs/tgh-25IAB/zhe/synvox2_prime/post_noise/sxw_model/output_voxtube_salt/base_topk4_eh_mix/UCqwLHNFtrOjrOC3CnvviS1g/ryNJOzsm71c/segment_8_eh.wav,audio/04_UCqwLHNFtrOjrOC3CnvviS1g/03_UCqwLHNFtrOjrOC3CnvviS1g-ryNJOzsm71c-seg000008/salt_k4.wav
4,3,UCqwLHNFtrOjrOC3CnvviS1g,UCqwLHNFtrOjrOC3CnvviS1g-ryNJOzsm71c-seg000008,4.000000,SALT-k8,/gs/bs/tgh-25IAB/zhe/synvox2_prime/post_noise/sxw_model/output_voxtube_salt/base_topk8_eh_mix/UCqwLHNFtrOjrOC3CnvviS1g/ryNJOzsm71c/segment_8_eh.wav,audio/04_UCqwLHNFtrOjrOC3CnvviS1g/03_UCqwLHNFtrOjrOC3CnvviS1g-ryNJOzsm71c-seg000008/salt_k8.wav
4,3,UCqwLHNFtrOjrOC3CnvviS1g,UCqwLHNFtrOjrOC3CnvviS1g-ryNJOzsm71c-seg000008,4.000000,DAIEN-NCFG(-1.0),/gs/bs/tgh-26IAT/zhe/anon-tts/results/VoxTube/seed0/4322/ryNJOzsm71c_00008.wav,audio/04_UCqwLHNFtrOjrOC3CnvviS1g/03_UCqwLHNFtrOjrOC3CnvviS1g-ryNJOzsm71c-seg000008/daien_ncfg_m1p0.wav
4,3,UCqwLHNFtrOjrOC3CnvviS1g,UCqwLHNFtrOjrOC3CnvviS1g-ryNJOzsm71c-seg000008,4.000000,DAIEN-NCFG(-0.75),/gs/bs/tgh-26IAT/zhe/anon-tts/results/VoxTube/english_mp3_acfg_minus0.75/4322/ryNJOzsm71c_00008.wav,audio/04_UCqwLHNFtrOjrOC3CnvviS1g/03_UCqwLHNFtrOjrOC3CnvviS1g-ryNJOzsm71c-seg000008/daien_ncfg_m0p75.wav
4,3,UCqwLHNFtrOjrOC3CnvviS1g,UCqwLHNFtrOjrOC3CnvviS1g-ryNJOzsm71c-seg000008,4.000000,DAIEN-NCFG(-0.5),/gs/bs/tgh-26IAT/zhe/anon-tts/results/VoxTube/english_mp3_acfg_minus0.5/4322/ryNJOzsm71c_00008.wav,audio/04_UCqwLHNFtrOjrOC3CnvviS1g/03_UCqwLHNFtrOjrOC3CnvviS1g-ryNJOzsm71c-seg000008/daien_ncfg_m0p5.wav
5,1,UChyS0pZKG5Qa_8UqDMp8hhg,UChyS0pZKG5Qa_8UqDMp8hhg-3BT71qALFZU-seg000011,4.000000,Auth,/gs/bs/tgh-25IAB/zhe/voxtube/voxtube_originals/UChyS0pZKG5Qa_8UqDMp8hhg/3BT71qALFZU/segment_11.mp3,audio/05_UChyS0pZKG5Qa_8UqDMp8hhg/01_UChyS0pZKG5Qa_8UqDMp8hhg-3BT71qALFZU-seg000011/auth.mp3
5,1,UChyS0pZKG5Qa_8UqDMp8hhg,UChyS0pZKG5Qa_8UqDMp8hhg-3BT71qALFZU-seg000011,4.000000,OHNN-HiFiGAN,/gs/bs/tgh-25IAB/zhe/synvox2_prime/post_noise/sxw_model/output_voxtube_synvox2/UChyS0pZKG5Qa_8UqDMp8hhg/3BT71qALFZU/segment_11_eh.wav,audio/05_UChyS0pZKG5Qa_8UqDMp8hhg/01_UChyS0pZKG5Qa_8UqDMp8hhg-3BT71qALFZU-seg000011/ohnn_hifigan.wav
5,1,UChyS0pZKG5Qa_8UqDMp8hhg,UChyS0pZKG5Qa_8UqDMp8hhg-3BT71qALFZU-seg000011,4.000000,OHNN-BigVGAN-SC,/gs/bs/tgh-25IAB/zhe/synvox2_prime/post_noise/sxw_model/output_voxtube_bigvgan/UChyS0pZKG5Qa_8UqDMp8hhg/3BT71qALFZU/segment_11_eh.wav,audio/05_UChyS0pZKG5Qa_8UqDMp8hhg/01_UChyS0pZKG5Qa_8UqDMp8hhg-3BT71qALFZU-seg000011/ohnn_bigvgan_sc.wav
5,1,UChyS0pZKG5Qa_8UqDMp8hhg,UChyS0pZKG5Qa_8UqDMp8hhg-3BT71qALFZU-seg000011,4.000000,SALT-k4,/gs/bs/tgh-25IAB/zhe/synvox2_prime/post_noise/sxw_model/output_voxtube_salt/base_topk4_eh_mix/UChyS0pZKG5Qa_8UqDMp8hhg/3BT71qALFZU/segment_11_eh.wav,audio/05_UChyS0pZKG5Qa_8UqDMp8hhg/01_UChyS0pZKG5Qa_8UqDMp8hhg-3BT71qALFZU-seg000011/salt_k4.wav
5,1,UChyS0pZKG5Qa_8UqDMp8hhg,UChyS0pZKG5Qa_8UqDMp8hhg-3BT71qALFZU-seg000011,4.000000,SALT-k8,/gs/bs/tgh-25IAB/zhe/synvox2_prime/post_noise/sxw_model/output_voxtube_salt/base_topk8_eh_mix/UChyS0pZKG5Qa_8UqDMp8hhg/3BT71qALFZU/segment_11_eh.wav,audio/05_UChyS0pZKG5Qa_8UqDMp8hhg/01_UChyS0pZKG5Qa_8UqDMp8hhg-3BT71qALFZU-seg000011/salt_k8.wav
5,1,UChyS0pZKG5Qa_8UqDMp8hhg,UChyS0pZKG5Qa_8UqDMp8hhg-3BT71qALFZU-seg000011,4.000000,DAIEN-NCFG(-1.0),/gs/bs/tgh-26IAT/zhe/anon-tts/results/VoxTube/seed0/3574/3BT71qALFZU_00011.wav,audio/05_UChyS0pZKG5Qa_8UqDMp8hhg/01_UChyS0pZKG5Qa_8UqDMp8hhg-3BT71qALFZU-seg000011/daien_ncfg_m1p0.wav
5,1,UChyS0pZKG5Qa_8UqDMp8hhg,UChyS0pZKG5Qa_8UqDMp8hhg-3BT71qALFZU-seg000011,4.000000,DAIEN-NCFG(-0.75),/gs/bs/tgh-26IAT/zhe/anon-tts/results/VoxTube/english_mp3_acfg_minus0.75/3574/3BT71qALFZU_00011.wav,audio/05_UChyS0pZKG5Qa_8UqDMp8hhg/01_UChyS0pZKG5Qa_8UqDMp8hhg-3BT71qALFZU-seg000011/daien_ncfg_m0p75.wav
5,1,UChyS0pZKG5Qa_8UqDMp8hhg,UChyS0pZKG5Qa_8UqDMp8hhg-3BT71qALFZU-seg000011,4.000000,DAIEN-NCFG(-0.5),/gs/bs/tgh-26IAT/zhe/anon-tts/results/VoxTube/english_mp3_acfg_minus0.5/3574/3BT71qALFZU_00011.wav,audio/05_UChyS0pZKG5Qa_8UqDMp8hhg/01_UChyS0pZKG5Qa_8UqDMp8hhg-3BT71qALFZU-seg000011/daien_ncfg_m0p5.wav
5,2,UChyS0pZKG5Qa_8UqDMp8hhg,UChyS0pZKG5Qa_8UqDMp8hhg-Kli_JCb6KXY-seg000009,4.000000,Auth,/gs/bs/tgh-25IAB/zhe/voxtube/voxtube_originals/UChyS0pZKG5Qa_8UqDMp8hhg/Kli_JCb6KXY/segment_9.mp3,audio/05_UChyS0pZKG5Qa_8UqDMp8hhg/02_UChyS0pZKG5Qa_8UqDMp8hhg-Kli_JCb6KXY-seg000009/auth.mp3
5,2,UChyS0pZKG5Qa_8UqDMp8hhg,UChyS0pZKG5Qa_8UqDMp8hhg-Kli_JCb6KXY-seg000009,4.000000,OHNN-HiFiGAN,/gs/bs/tgh-25IAB/zhe/synvox2_prime/post_noise/sxw_model/output_voxtube_synvox2/UChyS0pZKG5Qa_8UqDMp8hhg/Kli_JCb6KXY/segment_9_eh.wav,audio/05_UChyS0pZKG5Qa_8UqDMp8hhg/02_UChyS0pZKG5Qa_8UqDMp8hhg-Kli_JCb6KXY-seg000009/ohnn_hifigan.wav
5,2,UChyS0pZKG5Qa_8UqDMp8hhg,UChyS0pZKG5Qa_8UqDMp8hhg-Kli_JCb6KXY-seg000009,4.000000,OHNN-BigVGAN-SC,/gs/bs/tgh-25IAB/zhe/synvox2_prime/post_noise/sxw_model/output_voxtube_bigvgan/UChyS0pZKG5Qa_8UqDMp8hhg/Kli_JCb6KXY/segment_9_eh.wav,audio/05_UChyS0pZKG5Qa_8UqDMp8hhg/02_UChyS0pZKG5Qa_8UqDMp8hhg-Kli_JCb6KXY-seg000009/ohnn_bigvgan_sc.wav
5,2,UChyS0pZKG5Qa_8UqDMp8hhg,UChyS0pZKG5Qa_8UqDMp8hhg-Kli_JCb6KXY-seg000009,4.000000,SALT-k4,/gs/bs/tgh-25IAB/zhe/synvox2_prime/post_noise/sxw_model/output_voxtube_salt/base_topk4_eh_mix/UChyS0pZKG5Qa_8UqDMp8hhg/Kli_JCb6KXY/segment_9_eh.wav,audio/05_UChyS0pZKG5Qa_8UqDMp8hhg/02_UChyS0pZKG5Qa_8UqDMp8hhg-Kli_JCb6KXY-seg000009/salt_k4.wav
5,2,UChyS0pZKG5Qa_8UqDMp8hhg,UChyS0pZKG5Qa_8UqDMp8hhg-Kli_JCb6KXY-seg000009,4.000000,SALT-k8,/gs/bs/tgh-25IAB/zhe/synvox2_prime/post_noise/sxw_model/output_voxtube_salt/base_topk8_eh_mix/UChyS0pZKG5Qa_8UqDMp8hhg/Kli_JCb6KXY/segment_9_eh.wav,audio/05_UChyS0pZKG5Qa_8UqDMp8hhg/02_UChyS0pZKG5Qa_8UqDMp8hhg-Kli_JCb6KXY-seg000009/salt_k8.wav
5,2,UChyS0pZKG5Qa_8UqDMp8hhg,UChyS0pZKG5Qa_8UqDMp8hhg-Kli_JCb6KXY-seg000009,4.000000,DAIEN-NCFG(-1.0),/gs/bs/tgh-26IAT/zhe/anon-tts/results/VoxTube/seed0/3574/Kli_JCb6KXY_00009.wav,audio/05_UChyS0pZKG5Qa_8UqDMp8hhg/02_UChyS0pZKG5Qa_8UqDMp8hhg-Kli_JCb6KXY-seg000009/daien_ncfg_m1p0.wav
5,2,UChyS0pZKG5Qa_8UqDMp8hhg,UChyS0pZKG5Qa_8UqDMp8hhg-Kli_JCb6KXY-seg000009,4.000000,DAIEN-NCFG(-0.75),/gs/bs/tgh-26IAT/zhe/anon-tts/results/VoxTube/english_mp3_acfg_minus0.75/3574/Kli_JCb6KXY_00009.wav,audio/05_UChyS0pZKG5Qa_8UqDMp8hhg/02_UChyS0pZKG5Qa_8UqDMp8hhg-Kli_JCb6KXY-seg000009/daien_ncfg_m0p75.wav
5,2,UChyS0pZKG5Qa_8UqDMp8hhg,UChyS0pZKG5Qa_8UqDMp8hhg-Kli_JCb6KXY-seg000009,4.000000,DAIEN-NCFG(-0.5),/gs/bs/tgh-26IAT/zhe/anon-tts/results/VoxTube/english_mp3_acfg_minus0.5/3574/Kli_JCb6KXY_00009.wav,audio/05_UChyS0pZKG5Qa_8UqDMp8hhg/02_UChyS0pZKG5Qa_8UqDMp8hhg-Kli_JCb6KXY-seg000009/daien_ncfg_m0p5.wav
5,3,UChyS0pZKG5Qa_8UqDMp8hhg,UChyS0pZKG5Qa_8UqDMp8hhg-S-1UsB6STo8-seg000005,4.000000,Auth,/gs/bs/tgh-25IAB/zhe/voxtube/voxtube_originals/UChyS0pZKG5Qa_8UqDMp8hhg/S-1UsB6STo8/segment_5.mp3,audio/05_UChyS0pZKG5Qa_8UqDMp8hhg/03_UChyS0pZKG5Qa_8UqDMp8hhg-S-1UsB6STo8-seg000005/auth.mp3
5,3,UChyS0pZKG5Qa_8UqDMp8hhg,UChyS0pZKG5Qa_8UqDMp8hhg-S-1UsB6STo8-seg000005,4.000000,OHNN-HiFiGAN,/gs/bs/tgh-25IAB/zhe/synvox2_prime/post_noise/sxw_model/output_voxtube_synvox2/UChyS0pZKG5Qa_8UqDMp8hhg/S-1UsB6STo8/segment_5_eh.wav,audio/05_UChyS0pZKG5Qa_8UqDMp8hhg/03_UChyS0pZKG5Qa_8UqDMp8hhg-S-1UsB6STo8-seg000005/ohnn_hifigan.wav
5,3,UChyS0pZKG5Qa_8UqDMp8hhg,UChyS0pZKG5Qa_8UqDMp8hhg-S-1UsB6STo8-seg000005,4.000000,OHNN-BigVGAN-SC,/gs/bs/tgh-25IAB/zhe/synvox2_prime/post_noise/sxw_model/output_voxtube_bigvgan/UChyS0pZKG5Qa_8UqDMp8hhg/S-1UsB6STo8/segment_5_eh.wav,audio/05_UChyS0pZKG5Qa_8UqDMp8hhg/03_UChyS0pZKG5Qa_8UqDMp8hhg-S-1UsB6STo8-seg000005/ohnn_bigvgan_sc.wav
5,3,UChyS0pZKG5Qa_8UqDMp8hhg,UChyS0pZKG5Qa_8UqDMp8hhg-S-1UsB6STo8-seg000005,4.000000,SALT-k4,/gs/bs/tgh-25IAB/zhe/synvox2_prime/post_noise/sxw_model/output_voxtube_salt/base_topk4_eh_mix/UChyS0pZKG5Qa_8UqDMp8hhg/S-1UsB6STo8/segment_5_eh.wav,audio/05_UChyS0pZKG5Qa_8UqDMp8hhg/03_UChyS0pZKG5Qa_8UqDMp8hhg-S-1UsB6STo8-seg000005/salt_k4.wav
5,3,UChyS0pZKG5Qa_8UqDMp8hhg,UChyS0pZKG5Qa_8UqDMp8hhg-S-1UsB6STo8-seg000005,4.000000,SALT-k8,/gs/bs/tgh-25IAB/zhe/synvox2_prime/post_noise/sxw_model/output_voxtube_salt/base_topk8_eh_mix/UChyS0pZKG5Qa_8UqDMp8hhg/S-1UsB6STo8/segment_5_eh.wav,audio/05_UChyS0pZKG5Qa_8UqDMp8hhg/03_UChyS0pZKG5Qa_8UqDMp8hhg-S-1UsB6STo8-seg000005/salt_k8.wav
5,3,UChyS0pZKG5Qa_8UqDMp8hhg,UChyS0pZKG5Qa_8UqDMp8hhg-S-1UsB6STo8-seg000005,4.000000,DAIEN-NCFG(-1.0),/gs/bs/tgh-26IAT/zhe/anon-tts/results/VoxTube/seed0/3574/S-1UsB6STo8_00005.wav,audio/05_UChyS0pZKG5Qa_8UqDMp8hhg/03_UChyS0pZKG5Qa_8UqDMp8hhg-S-1UsB6STo8-seg000005/daien_ncfg_m1p0.wav
5,3,UChyS0pZKG5Qa_8UqDMp8hhg,UChyS0pZKG5Qa_8UqDMp8hhg-S-1UsB6STo8-seg000005,4.000000,DAIEN-NCFG(-0.75),/gs/bs/tgh-26IAT/zhe/anon-tts/results/VoxTube/english_mp3_acfg_minus0.75/3574/S-1UsB6STo8_00005.wav,audio/05_UChyS0pZKG5Qa_8UqDMp8hhg/03_UChyS0pZKG5Qa_8UqDMp8hhg-S-1UsB6STo8-seg000005/daien_ncfg_m0p75.wav
5,3,UChyS0pZKG5Qa_8UqDMp8hhg,UChyS0pZKG5Qa_8UqDMp8hhg-S-1UsB6STo8-seg000005,4.000000,DAIEN-NCFG(-0.5),/gs/bs/tgh-26IAT/zhe/anon-tts/results/VoxTube/english_mp3_acfg_minus0.5/3574/S-1UsB6STo8_00005.wav,audio/05_UChyS0pZKG5Qa_8UqDMp8hhg/03_UChyS0pZKG5Qa_8UqDMp8hhg-S-1UsB6STo8-seg000005/daien_ncfg_m0p5.wav
